<?xml version="1.0" encoding="UTF-8"?>
<project-private xmlns="http://www.netbeans.org/ns/project-private/1">
    <editor-bookmarks xmlns="http://www.netbeans.org/ns/editor-bookmarks/2" lastBookmarkId="1">
        <file>
            <url>src/vistas/Calculadora.java</url>
            <bookmark id="1">
                <name/>
                <line>548</line>
                <key/>
            </bookmark>
        </file>
    </editor-bookmarks>
    <open-files xmlns="http://www.netbeans.org/ns/projectui-open-files/2">
        <group>
            <file>file:/D:/Info/Desktop/Calcul-20170914T163956Z-001/Calcul/src/vistas/Calculadora.java</file>
            <file>file:/D:/Info/Desktop/Calcul-20170914T163956Z-001/Calcul/src/fibonacci/Fibonacci.java</file>
            <file>file:/D:/Info/Desktop/Calcul-20170914T163956Z-001/Calcul/src/funciones/Servicios.java</file>
        </group>
    </open-files>
</project-private>
